RainToday,frecuencia,porcentaje
No,110319,77.58071435101512
Yes,31880,22.419285648984875
