RainTomorrow,frecuencia,porcentaje
No,110316,77.58187815152645
Yes,31877,22.418121848473554
