variable,confianza,n,media,sd,se,ic_inf,ic_sup
Humidity3pm,95%,140953,51.5391158755046,20.795901656021154,0.055391176952105096,51.43055023135653,51.64768151965267
Humidity3pm,99%,140953,51.5391158755046,20.795901656021154,0.055391176952105096,51.39643572662868,51.68179602438052
