chi2,gl,p_valor,cramers_v,n,decision_alpha_0_05
13799.479649324368,1,0.0,0.31307621724262796,140787,Rechazar H0
