chi2,gl,p_valor,p_valor_reporte,cramers_v,n,decision_alpha_0_05
13799.479649324368,1,0.0,< 0.001,0.31307621724262796,140787,Rechazar H0
