RainToday,No,Yes
No,85102.00907754267,24229.990922457328
Yes,24483.990922457328,6971.009077542671
