RainToday,No,Yes
No,84.81322942962719,15.18677057037281
Yes,53.59402320775711,46.40597679224289
