conjunto,n,prevalencia_RainTomorrow_Yes
entrenamiento,99535,0.2241824483849902
prueba,42658,0.2241783487270852
