modelo,conjunto,estimador_predictivo,n,threshold,TN,FP,FN,TP,accuracy,balanced_accuracy,precision,recall,F1,ROC_AUC,PR_AUC,Brier
M1_S1_S2,train,LogisticRegression sin penalizacion; class_weight=balanced,99535,0.5,59761,17460,5685,16629,0.7674687295926056,0.7595614567811937,0.4878113174337763,0.7452272116160258,0.5896494867294293,0.8385399104846386,0.6521889572428008,0.1608099436450228
M1_S1_S2,test,LogisticRegression sin penalizacion; class_weight=balanced,42658,0.5,25542,7553,2430,7133,0.7659759013549627,0.7588369268377231,0.4857006673021926,0.7458956394436892,0.5883129201204174,0.837115074234294,0.6460955900247116,0.16161962428907878
M2_stepwise_AIC,train,LogisticRegression sin penalizacion; class_weight=balanced,99535,0.5,60653,16568,5525,16789,0.7780378761239765,0.7689222809146847,0.5033126480199058,0.752397597920588,0.603150652943184,0.8517758347848692,0.6710642320478982,0.1541063941401887
M2_stepwise_AIC,test,LogisticRegression sin penalizacion; class_weight=balanced,42658,0.5,25900,7195,2366,7197,0.7758685357963336,0.7675918291050277,0.5000694830461367,0.7525880999686291,0.6008766437069505,0.8505795134363685,0.6643611922834312,0.15498312882539783
M3_BIC_parsimonioso,train,LogisticRegression sin penalizacion; class_weight=balanced,99535,0.5,60534,16687,5495,16819,0.7771437182900487,0.7688239888384011,0.5019697964543663,0.7537420453526934,0.6026155499820852,0.8517008279394245,0.6711950967345462,0.15425152822196556
M3_BIC_parsimonioso,test,LogisticRegression sin penalizacion; class_weight=balanced,42658,0.5,25869,7226,2366,7197,0.7751418256833419,0.7671234804118716,0.4989946613048603,0.7525880999686291,0.600100058367381,0.8504907579520877,0.6645554579585966,0.15514845040195946
