metrica,rango_entre_estrategias
ROC_AUC,0.0007030711105214804
accuracy,0.0008606568755378241
F1,0.0011176000988322166
