Variable,Coeficiente,Magnitud
Humidity3pm,1.2549952778031384,1.2549952778031384
Pressure3pm,-0.625265557397767,0.625265557397767
RainToday,0.3155111276290016,0.3155111276290016
