Métrica,Valor
Accuracy,0.8378672727703199
Precision,0.7136054421768707
Recall,0.4482905982905983
F1-Score,0.5506561679790026
AUC,0.836988179068889
