Variable,VIF
const,1.0
Humidity3pm,1.1694749183096445
RainToday,1.178956942463511
Pressure3pm,1.0188391898074873
